t,x0,x1
0.01,1,-0.0166667
0.02,0.999833,-0.0333333
0.03,0.9995,-0.0499972
0.04,0.999,-0.0666556
0.05,0.998333,-0.0833056
0.06,0.9975,-0.0999444
0.07,0.996501,-0.116569
0.08,0.995335,-0.133178
0.09,0.994003,-0.149767
0.1,0.992506,-0.166333
0.11,0.990842,-0.182875
0.12,0.989014,-0.199389
0.13,0.98702,-0.215873
0.14,0.984861,-0.232323
0.15,0.982538,-0.248738
0.16,0.980051,-0.265113
0.17,0.977399,-0.281447
0.18,0.974585,-0.297737
0.19,0.971608,-0.31398
0.2,0.968468,-0.330174
0.21,0.965166,-0.346315
0.22,0.961703,-0.362401
0.23,0.958079,-0.378429
0.24,0.954295,-0.394397
0.25,0.950351,-0.410302
0.26,0.946248,-0.426142
0.27,0.941986,-0.441912
0.28,0.937567,-0.457612
0.29,0.932991,-0.473238
0.3,0.928259,-0.488788
0.31,0.923371,-0.504259
0.32,0.918328,-0.519649
0.33,0.913132,-0.534954
0.34,0.907782,-0.550173
0.35,0.90228,-0.565303
0.36,0.896627,-0.580341
0.37,0.890824,-0.595284
0.38,0.884871,-0.610131
0.39,0.87877,-0.624879
0.4,0.872521,-0.639525
0.41,0.866126,-0.654067
0.42,0.859585,-0.668503
0.43,0.8529,-0.682829
0.44,0.846072,-0.697044
0.45,0.839101,-0.711145
0.46,0.83199,-0.72513
0.47,0.824738,-0.738997
0.48,0.817348,-0.752743
0.49,0.809821,-0.766365
0.5,0.802157,-0.779862
0.51,0.794359,-0.793231
0.52,0.786426,-0.806471
0.53,0.778362,-0.819578
0.54,0.770166,-0.832551
0.55,0.76184,-0.845387
0.56,0.753387,-0.858084
0.57,0.744806,-0.87064
0.58,0.736099,-0.883054
0.59,0.727269,-0.895322
0.6,0.718316,-0.907443
0.61,0.709241,-0.919415
0.62,0.700047,-0.931236
0.63,0.690735,-0.942903
0.64,0.681306,-0.954416
0.65,0.671761,-0.965771
0.66,0.662104,-0.976967
0.67,0.652334,-0.988002
0.68,0.642454,-0.998874
0.69,0.632465,-1.00958
0.7,0.62237,-1.02012
0.71,0.612168,-1.0305
0.72,0.601863,-1.0407
0.73,0.591456,-1.05073
0.74,0.580949,-1.06059
0.75,0.570343,-1.07027
0.76,0.55964,-1.07978
0.77,0.548843,-1.0891
0.78,0.537952,-1.09825
0.79,0.526969,-1.10722
0.8,0.515897,-1.116
0.81,0.504737,-1.1246
0.82,0.493491,-1.13301
0.83,0.482161,-1.14123
0.84,0.470749,-1.14927
0.85,0.459256,-1.15712
0.86,0.447685,-1.16477
0.87,0.436037,-1.17223
0.88,0.424315,-1.1795
0.89,0.41252,-1.18657
0.9,0.400654,-1.19345
0.91,0.38872,-1.20012
0.92,0.376718,-1.2066
0.93,0.364652,-1.21288
0.94,0.352524,-1.21896
0.95,0.340334,-1.22483
0.96,0.328086,-1.23051
0.97,0.315781,-1.23597
0.98,0.303421,-1.24124
0.99,0.291008,-1.24629
1,0.278546,-1.25114
1.01,0.266034,-1.25579
1.02,0.253476,-1.26022
1.03,0.240874,-1.26445
1.04,0.22823,-1.26846
1.05,0.215545,-1.27226
1.06,0.202822,-1.27586
1.07,0.190064,-1.27924
1.08,0.177271,-1.2824
1.09,0.164447,-1.28536
1.1,0.151594,-1.2881
1.11,0.138713,-1.29063
1.12,0.125807,-1.29294
1.13,0.112877,-1.29503
1.14,0.0999268,-1.29692
1.15,0.0869576,-1.29858
1.16,0.0739718,-1.30003
1.17,0.0609715,-1.30126
1.18,0.0479589,-1.30228
1.19,0.0349361,-1.30308
1.2,0.0219053,-1.30366
1.21,0.00886867,-1.30403
1.22,-0.00417159,-1.30417
1.23,-0.0172133,-1.3041
1.24,-0.0302544,-1.30382
1.25,-0.0432926,-1.30331
1.26,-0.0563257,-1.30259
1.27,-0.0693516,-1.30165
1.28,-0.0823681,-1.3005
1.29,-0.0953731,-1.29912
1.3,-0.108364,-1.29754
1.31,-0.12134,-1.29573
1.32,-0.134297,-1.29371
1.33,-0.147234,-1.29147
1.34,-0.160149,-1.28901
1.35,-0.173039,-1.28635
1.36,-0.185902,-1.28346
1.37,-0.198737,-1.28036
1.38,-0.211541,-1.27705
1.39,-0.224311,-1.27353
1.4,-0.237046,-1.26979
1.41,-0.249744,-1.26584
1.42,-0.262403,-1.26167
1.43,-0.275019,-1.2573
1.44,-0.287592,-1.25272
1.45,-0.300119,-1.24792
1.46,-0.312599,-1.24292
1.47,-0.325028,-1.23771
1.48,-0.337405,-1.23229
1.49,-0.349728,-1.22667
1.5,-0.361995,-1.22084
1.51,-0.374203,-1.21481
1.52,-0.386351,-1.20857
1.53,-0.398437,-1.20213
1.54,-0.410458,-1.19549
1.55,-0.422413,-1.18865
1.56,-0.4343,-1.18161
1.57,-0.446116,-1.17437
1.58,-0.457859,-1.16694
1.59,-0.469529,-1.15931
1.6,-0.481122,-1.15148
1.61,-0.492637,-1.14346
1.62,-0.504071,-1.13525
1.63,-0.515424,-1.12685
1.64,-0.526692,-1.11826
1.65,-0.537875,-1.10948
1.66,-0.54897,-1.10052
1.67,-0.559975,-1.09137
1.68,-0.570889,-1.08203
1.69,-0.581709,-1.07252
1.7,-0.592434,-1.06282
1.71,-0.603062,-1.05295
1.72,-0.613592,-1.0429
1.73,-0.624021,-1.03267
1.74,-0.634348,-1.02227
1.75,-0.64457,-1.0117
1.76,-0.654687,-1.00096
1.77,-0.664697,-0.990046
1.78,-0.674597,-0.978968
1.79,-0.684387,-0.967725
1.8,-0.694064,-0.956318
1.81,-0.703628,-0.94475
1.82,-0.713075,-0.933023
1.83,-0.722405,-0.921139
1.84,-0.731617,-0.909099
1.85,-0.740708,-0.896905
1.86,-0.749677,-0.88456
1.87,-0.758522,-0.872065
1.88,-0.767243,-0.859423
1.89,-0.775837,-0.846636
1.9,-0.784304,-0.833705
1.91,-0.792641,-0.820633
1.92,-0.800847,-0.807423
1.93,-0.808921,-0.794075
1.94,-0.816862,-0.780593
1.95,-0.824668,-0.766979
1.96,-0.832338,-0.753234
1.97,-0.83987,-0.739362
1.98,-0.847264,-0.725364
1.99,-0.854517,-0.711243
2,-0.86163,-0.697001
2.01,-0.8686,-0.682641
2.02,-0.875426,-0.668164
2.03,-0.882108,-0.653574
2.04,-0.888643,-0.638872
2.05,-0.895032,-0.624061
2.06,-0.901273,-0.609144
2.07,-0.907364,-0.594123
2.08,-0.913305,-0.579
2.09,-0.919095,-0.563778
2.1,-0.924733,-0.54846
2.11,-0.930218,-0.533048
2.12,-0.935548,-0.517544
2.13,-0.940724,-0.501952
2.14,-0.945743,-0.486273
2.15,-0.950606,-0.470511
2.16,-0.955311,-0.454667
2.17,-0.959858,-0.438745
2.18,-0.964245,-0.422748
2.19,-0.968473,-0.406677
2.2,-0.97254,-0.390536
2.21,-0.976445,-0.374327
2.22,-0.980188,-0.358053
2.23,-0.983769,-0.341716
2.24,-0.987186,-0.32532
2.25,-0.990439,-0.308867
2.26,-0.993528,-0.29236
2.27,-0.996451,-0.275801
2.28,-0.999209,-0.259193
2.29,-1.0018,-0.24254
2.3,-1.00423,-0.225843
2.31,-1.00649,-0.209106
2.32,-1.00858,-0.192331
2.33,-1.0105,-0.175522
2.34,-1.01225,-0.15868
2.35,-1.01384,-0.141809
2.36,-1.01526,-0.124912
2.37,-1.01651,-0.107991
2.38,-1.01759,-0.091049
2.39,-1.0185,-0.0740891
2.4,-1.01924,-0.0571142
2.41,-1.01981,-0.0401268
2.42,-1.02021,-0.02313
2.43,-1.02044,-0.00612643
2.44,-1.0205,0.010881
2.45,-1.0204,0.0278894
2.46,-1.02012,0.044896
2.47,-1.01967,0.0618979
2.48,-1.01905,0.0788924
2.49,-1.01826,0.0958766
2.5,-1.0173,0.112848
2.51,-1.01617,0.129803
2.52,-1.01488,0.146739
2.53,-1.01341,0.163653
2.54,-1.01177,0.180544
2.55,-1.00997,0.197406
2.56,-1.00799,0.214239
2.57,-1.00585,0.231039
2.58,-1.00354,0.247803
2.59,-1.00106,0.264529
2.6,-0.998416,0.281213
2.61,-0.995603,0.297853
2.62,-0.992625,0.314447
2.63,-0.98948,0.330991
2.64,-0.986171,0.347482
2.65,-0.982696,0.363918
2.66,-0.979057,0.380296
2.67,-0.975254,0.396614
2.68,-0.971287,0.412868
2.69,-0.967159,0.429056
2.7,-0.962868,0.445176
2.71,-0.958416,0.461223
2.72,-0.953804,0.477197
2.73,-0.949032,0.493094
2.74,-0.944101,0.508911
2.75,-0.939012,0.524646
2.76,-0.933766,0.540296
2.77,-0.928363,0.555859
2.78,-0.922804,0.571332
2.79,-0.917091,0.586712
2.8,-0.911224,0.601997
2.81,-0.905204,0.617184
2.82,-0.899032,0.63227
2.83,-0.892709,0.647254
2.84,-0.886237,0.662133
2.85,-0.879615,0.676903
2.86,-0.872846,0.691564
2.87,-0.865931,0.706111
2.88,-0.85887,0.720543
2.89,-0.851664,0.734858
2.9,-0.844316,0.749052
2.91,-0.836825,0.763124
2.92,-0.829194,0.777071
2.93,-0.821423,0.790891
2.94,-0.813514,0.804581
2.95,-0.805468,0.81814
2.96,-0.797287,0.831564
2.97,-0.788971,0.844853
2.98,-0.780523,0.858002
2.99,-0.771943,0.871011
3,-0.763233,0.883876
3.01,-0.754394,0.896597
3.02,-0.745428,0.90917
3.03,-0.736336,0.921594
3.04,-0.72712,0.933866
3.05,-0.717782,0.945985
3.06,-0.708322,0.957948
3.07,-0.698742,0.969753
3.08,-0.689045,0.981399
3.09,-0.679231,0.992883
3.1,-0.669302,1.0042
3.11,-0.65926,1.01536
3.12,-0.649106,1.02635
3.13,-0.638843,1.03716
3.14,-0.628471,1.04781
3.15,-0.617993,1.05829
3.16,-0.60741,1.06859
3.17,-0.596724,1.07871
3.18,-0.585937,1.08866
3.19,-0.575051,1.09842
3.2,-0.564066,1.10801
3.21,-0.552986,1.11741
3.22,-0.541812,1.12662
3.23,-0.530546,1.13565
3.24,-0.51919,1.1445
3.25,-0.507745,1.15315
3.26,-0.496213,1.16161
3.27,-0.484597,1.16988
3.28,-0.472898,1.17796
3.29,-0.461119,1.18584
3.3,-0.44926,1.19352
3.31,-0.437325,1.20101
3.32,-0.425315,1.2083
3.33,-0.413232,1.21539
3.34,-0.401078,1.22228
3.35,-0.388855,1.22896
3.36,-0.376566,1.23544
3.37,-0.364211,1.24172
3.38,-0.351794,1.24779
3.39,-0.339316,1.25365
3.4,-0.32678,1.25931
3.41,-0.314187,1.26475
3.42,-0.301539,1.26999
3.43,-0.288839,1.27502
3.44,-0.276089,1.27983
3.45,-0.263291,1.28443
3.46,-0.250446,1.28882
3.47,-0.237558,1.29299
3.48,-0.224628,1.29695
3.49,-0.211659,1.3007
3.5,-0.198652,1.30422
3.51,-0.185609,1.30754
3.52,-0.172534,1.31063
3.53,-0.159428,1.3135
3.54,-0.146293,1.31616
3.55,-0.133131,1.3186
3.56,-0.119945,1.32082
3.57,-0.106737,1.32282
3.58,-0.0935088,1.3246
3.59,-0.0802628,1.32615
3.6,-0.0670013,1.32749
3.61,-0.0537263,1.32861
3.62,-0.0404402,1.3295
3.63,-0.0271452,1.33018
3.64,-0.0138434,1.33063
3.65,-0.000537091,1.33086
3.66,0.0127715,1.33087
3.67,0.0260802,1.33066
3.68,0.0393868,1.33022
3.69,0.0526891,1.32957
3.7,0.0659847,1.32869
3.71,0.0792716,1.32759
3.72,0.0925475,1.32627
3.73,0.10581,1.32473
3.74,0.119057,1.32296
3.75,0.132287,1.32098
3.76,0.145497,1.31877
3.77,0.158685,1.31635
3.78,0.171848,1.3137
3.79,0.184985,1.31084
3.8,0.198093,1.30776
3.81,0.211171,1.30445
3.82,0.224216,1.30093
3.83,0.237225,1.2972
3.84,0.250197,1.29324
3.85,0.263129,1.28907
3.86,0.27602,1.28469
3.87,0.288867,1.28009
3.88,0.301668,1.27527
3.89,0.314421,1.27025
3.9,0.327123,1.26501
3.91,0.339773,1.25955
3.92,0.352369,1.25389
3.93,0.364908,1.24802
3.94,0.377388,1.24194
3.95,0.389807,1.23565
3.96,0.402164,1.22915
3.97,0.414455,1.22245
3.98,0.42668,1.21554
3.99,0.438835,1.20843
4,0.450919,1.20111
4.01,0.46293,1.1936
4.02,0.474866,1.18588
4.03,0.486725,1.17797
4.04,0.498505,1.16986
4.05,0.510203,1.16155
4.06,0.521819,1.15304
4.07,0.533349,1.14435
4.08,0.544793,1.13546
4.09,0.556147,1.12638
4.1,0.567411,1.11711
4.11,0.578582,1.10765
4.12,0.589659,1.09801
4.13,0.600639,1.08818
4.14,0.611521,1.07817
4.15,0.622302,1.06798
4.16,0.632982,1.05761
4.17,0.643558,1.04706
4.18,0.654029,1.03633
4.19,0.664392,1.02543
4.2,0.674647,1.01436
4.21,0.68479,1.00311
4.22,0.694821,0.991701
4.23,0.704738,0.980121
4.24,0.71454,0.968375
4.25,0.724223,0.956466
4.26,0.733788,0.944396
4.27,0.743232,0.932166
4.28,0.752554,0.919779
4.29,0.761751,0.907236
4.3,0.770824,0.89454
4.31,0.779769,0.881693
4.32,0.788586,0.868697
4.33,0.797273,0.855554
4.34,0.805829,0.842266
4.35,0.814251,0.828836
4.36,0.82254,0.815265
4.37,0.830692,0.801556
4.38,0.838708,0.787711
4.39,0.846585,0.773733
4.4,0.854322,0.759623
4.41,0.861918,0.745384
4.42,0.869372,0.731019
4.43,0.876682,0.716529
4.44,0.883848,0.701918
4.45,0.890867,0.687187
4.46,0.897739,0.672339
4.47,0.904462,0.657377
4.48,0.911036,0.642303
4.49,0.917459,0.627119
4.5,0.92373,0.611828
4.51,0.929848,0.596432
4.52,0.935813,0.580935
4.53,0.941622,0.565338
4.54,0.947276,0.549644
4.55,0.952772,0.533856
4.56,0.958111,0.517977
4.57,0.96329,0.502008
4.58,0.96831,0.485953
4.59,0.97317,0.469815
4.6,0.977868,0.453595
4.61,0.982404,0.437298
4.62,0.986777,0.420924
4.63,0.990986,0.404478
4.64,0.995031,0.387961
4.65,0.998911,0.371378
4.66,1.00262,0.354729
4.67,1.00617,0.338019
4.68,1.00955,0.321249
4.69,1.01276,0.304423
4.7,1.01581,0.287544
4.71,1.01868,0.270614
4.72,1.02139,0.253636
4.73,1.02393,0.236613
4.74,1.02629,0.219547
4.75,1.02849,0.202442
4.76,1.03051,0.185301
4.77,1.03237,0.168126
4.78,1.03405,0.150919
4.79,1.03556,0.133685
4.8,1.03689,0.116426
4.81,1.03806,0.0991445
4.82,1.03905,0.0818436
4.83,1.03987,0.0645261
4.84,1.04051,0.047195
4.85,1.04098,0.0298531
4.86,1.04128,0.0125034
4.87,1.04141,-0.00485135
4.88,1.04136,-0.0222081
4.89,1.04114,-0.0395641
4.9,1.04074,-0.0569164
4.91,1.04017,-0.0742621
4.92,1.03943,-0.0915983
4.93,1.03851,-0.108922
4.94,1.03742,-0.126231
4.95,1.03616,-0.143521
4.96,1.03473,-0.16079
4.97,1.03312,-0.178036
4.98,1.03134,-0.195255
4.99,1.02939,-0.212444
5,1.02726,-0.2296
5.01,1.02497,-0.246721
5.02,1.0225,-0.263804
5.03,1.01986,-0.280845
5.04,1.01705,-0.297843
5.05,1.01407,-0.314794
5.06,1.01093,-0.331695
5.07,1.00761,-0.348544
5.08,1.00412,-0.365337
5.09,1.00047,-0.382073
5.1,0.996649,-0.398747
5.11,0.992662,-0.415358
5.12,0.988508,-0.431903
5.13,0.984189,-0.448378
5.14,0.979705,-0.464781
5.15,0.975058,-0.481109
5.16,0.970246,-0.49736
5.17,0.965273,-0.513531
5.18,0.960138,-0.529619
5.19,0.954841,-0.545621
5.2,0.949385,-0.561535
5.21,0.94377,-0.577358
5.22,0.937996,-0.593088
5.23,0.932065,-0.608721
5.24,0.925978,-0.624255
5.25,0.919736,-0.639688
5.26,0.913339,-0.655017
5.27,0.906789,-0.67024
5.28,0.900086,-0.685353
5.29,0.893233,-0.700354
5.3,0.886229,-0.715241
5.31,0.879077,-0.730012
5.32,0.871777,-0.744663
5.33,0.86433,-0.759193
5.34,0.856738,-0.773598
5.35,0.849002,-0.787877
5.36,0.841123,-0.802027
5.37,0.833103,-0.816046
5.38,0.824942,-0.829931
5.39,0.816643,-0.84368
5.4,0.808206,-0.857291
5.41,0.799633,-0.870761
5.42,0.790926,-0.884088
5.43,0.782085,-0.89727
5.44,0.773112,-0.910305
5.45,0.764009,-0.92319
5.46,0.754777,-0.935924
5.47,0.745418,-0.948503
5.48,0.735933,-0.960927
5.49,0.726324,-0.973193
5.5,0.716592,-0.985298
5.51,0.706739,-0.997241
5.52,0.696766,-1.00902
5.53,0.686676,-1.02063
5.54,0.67647,-1.03208
5.55,0.666149,-1.04335
5.56,0.655716,-1.05445
5.57,0.645171,-1.06538
5.58,0.634517,-1.07614
5.59,0.623756,-1.08671
5.6,0.612889,-1.09711
5.61,0.601918,-1.10732
5.62,0.590844,-1.11735
5.63,0.579671,-1.1272
5.64,0.568399,-1.13686
5.65,0.55703,-1.14634
5.66,0.545567,-1.15562
5.67,0.534011,-1.16471
5.68,0.522364,-1.17361
5.69,0.510628,-1.18232
5.7,0.498804,-1.19083
5.71,0.486896,-1.19914
5.72,0.474905,-1.20726
5.73,0.462832,-1.21517
5.74,0.45068,-1.22289
5.75,0.438451,-1.2304
5.76,0.426147,-1.23771
5.77,0.41377,-1.24481
5.78,0.401322,-1.2517
5.79,0.388805,-1.25839
5.8,0.376221,-1.26487
5.81,0.363573,-1.27114
5.82,0.350861,-1.2772
5.83,0.338089,-1.28305
5.84,0.325259,-1.28869
5.85,0.312372,-1.29411
5.86,0.299431,-1.29931
5.87,0.286438,-1.3043
5.88,0.273395,-1.30908
5.89,0.260304,-1.31363
5.9,0.247168,-1.31797
5.91,0.233988,-1.32209
5.92,0.220767,-1.32599
5.93,0.207507,-1.32967
5.94,0.19421,-1.33313
5.95,0.180879,-1.33637
5.96,0.167515,-1.33938
5.97,0.154122,-1.34217
5.98,0.1407,-1.34474
5.99,0.127252,-1.34709
6,0.113782,-1.34921
6.01,0.100289,-1.3511
6.02,0.0867784,-1.35277
6.03,0.0732507,-1.35422
6.04,0.0597085,-1.35544
6.05,0.0461541,-1.35644
6.06,0.0325897,-1.35721
6.07,0.0190176,-1.35775
6.08,0.00544013,-1.35807
6.09,-0.00814053,-1.35816
6.1,-0.0217221,-1.35802
6.11,-0.0353023,-1.35766
6.12,-0.0488789,-1.35707
6.13,-0.0624496,-1.35626
6.14,-0.0760122,-1.35522
6.15,-0.0895643,-1.35395
6.16,-0.103104,-1.35246
6.17,-0.116628,-1.35074
6.18,-0.130136,-1.34879
6.19,-0.143624,-1.34662
6.2,-0.15709,-1.34423
6.21,-0.170532,-1.34161
6.22,-0.183948,-1.33877
6.23,-0.197336,-1.3357
6.24,-0.210693,-1.33242
6.25,-0.224017,-1.3289
6.26,-0.237306,-1.32517
6.27,-0.250558,-1.32122
6.28,-0.26377,-1.31704
6.29,-0.276941,-1.31264
6.3,-0.290067,-1.30803
6.31,-0.303147,-1.30319
6.32,-0.316179,-1.29814
6.33,-0.329161,-1.29287
6.34,-0.342089,-1.28739
6.35,-0.354963,-1.28168
6.36,-0.36778,-1.27577
6.37,-0.380538,-1.26964
6.38,-0.393234,-1.2633
6.39,-0.405867,-1.25674
6.4,-0.418434,-1.24998
6.41,-0.430934,-1.243
6.42,-0.443364,-1.23582
6.43,-0.455722,-1.22843
6.44,-0.468007,-1.22084
6.45,-0.480215,-1.21304
6.46,-0.492346,-1.20503
6.47,-0.504396,-1.19683
6.48,-0.516364,-1.18842
6.49,-0.528248,-1.17981
6.5,-0.540046,-1.17101
6.51,-0.551757,-1.16201
6.52,-0.563377,-1.15281
6.53,-0.574905,-1.14342
6.54,-0.586339,-1.13384
6.55,-0.597677,-1.12407
6.56,-0.608918,-1.11411
6.57,-0.620059,-1.10396
6.58,-0.631099,-1.09363
6.59,-0.642035,-1.08311
6.6,-0.652866,-1.07241
6.61,-0.66359,-1.06153
6.62,-0.674206,-1.05047
6.63,-0.68471,-1.03923
6.64,-0.695102,-1.02782
6.65,-0.705381,-1.01623
6.66,-0.715543,-1.00448
6.67,-0.725588,-0.99255
6.68,-0.735513,-0.980457
6.69,-0.745318,-0.968198
6.7,-0.755,-0.955776
6.71,-0.764558,-0.943193
6.72,-0.773989,-0.93045
6.73,-0.783294,-0.917551
6.74,-0.792469,-0.904496
6.75,-0.801514,-0.891288
6.76,-0.810427,-0.877929
6.77,-0.819207,-0.864422
6.78,-0.827851,-0.850769
6.79,-0.836358,-0.836971
6.8,-0.844728,-0.823032
6.81,-0.852959,-0.808953
6.82,-0.861048,-0.794737
6.83,-0.868995,-0.780386
6.84,-0.876799,-0.765903
6.85,-0.884458,-0.75129
6.86,-0.891971,-0.736549
6.87,-0.899337,-0.721683
6.88,-0.906554,-0.706694
6.89,-0.91362,-0.691584
6.9,-0.920536,-0.676357
6.91,-0.9273,-0.661015
6.92,-0.93391,-0.64556
6.93,-0.940366,-0.629995
6.94,-0.946666,-0.614322
6.95,-0.952809,-0.598544
6.96,-0.958794,-0.582664
6.97,-0.964621,-0.566684
6.98,-0.970288,-0.550607
6.99,-0.975794,-0.534436
7,-0.981138,-0.518173
7.01,-0.98632,-0.50182
7.02,-0.991338,-0.485382
7.03,-0.996192,-0.468859
7.04,-1.00088,-0.452256
7.05,-1.0054,-0.435575
7.06,-1.00976,-0.418818
7.07,-1.01395,-0.401989
7.08,-1.01797,-0.38509
7.09,-1.02182,-0.368124
7.1,-1.0255,-0.351093
7.11,-1.02901,-0.334002
7.12,-1.03235,-0.316851
7.13,-1.03552,-0.299646
7.14,-1.03851,-0.282387
7.15,-1.04134,-0.265078
7.16,-1.04399,-0.247723
7.17,-1.04647,-0.230323
7.18,-1.04877,-0.212882
7.19,-1.0509,-0.195402
7.2,-1.05285,-0.177887
7.21,-1.05463,-0.16034
7.22,-1.05624,-0.142763
7.23,-1.05766,-0.125159
7.24,-1.05891,-0.107531
7.25,-1.05999,-0.0898824
7.26,-1.06089,-0.0722159
7.27,-1.06161,-0.0545344
7.28,-1.06216,-0.0368409
7.29,-1.06252,-0.0191383
7.3,-1.06272,-0.00142959
7.31,-1.06273,0.0162823
7.32,-1.06257,0.0339945
7.33,-1.06223,0.051704
7.34,-1.06171,0.0694078
7.35,-1.06102,0.0871029
7.36,-1.06015,0.104787
7.37,-1.0591,0.122456
7.38,-1.05787,0.140107
7.39,-1.05647,0.157738
7.4,-1.05489,0.175346
7.41,-1.05314,0.192928
7.42,-1.05121,0.21048
7.43,-1.04911,0.228
7.44,-1.04683,0.245486
7.45,-1.04437,0.262933
7.46,-1.04174,0.280339
7.47,-1.03894,0.297701
7.48,-1.03596,0.315017
7.49,-1.03281,0.332283
7.5,-1.02949,0.349496
7.51,-1.02599,0.366655
7.52,-1.02233,0.383755
7.53,-1.01849,0.400793
7.54,-1.01448,0.417768
7.55,-1.0103,0.434676
7.56,-1.00596,0.451515
7.57,-1.00144,0.468281
7.58,-0.99676,0.484971
7.59,-0.99191,0.501584
7.6,-0.986894,0.518116
7.61,-0.981713,0.534564
7.62,-0.976367,0.550926
7.63,-0.970858,0.567199
7.64,-0.965186,0.58338
7.65,-0.959352,0.599466
7.66,-0.953358,0.615455
7.67,-0.947203,0.631345
7.68,-0.94089,0.647131
7.69,-0.934418,0.662813
7.7,-0.92779,0.678386
7.71,-0.921006,0.69385
7.72,-0.914068,0.7092
7.73,-0.906976,0.724434
7.74,-0.899732,0.73955
7.75,-0.892336,0.754546
7.76,-0.884791,0.769418
7.77,-0.877096,0.784165
7.78,-0.869255,0.798783
7.79,-0.861267,0.813271
7.8,-0.853134,0.827625
7.81,-0.844858,0.841844
7.82,-0.83644,0.855925
7.83,-0.82788,0.869866
7.84,-0.819182,0.883664
7.85,-0.810345,0.897317
7.86,-0.801372,0.910822
7.87,-0.792264,0.924179
7.88,-0.783022,0.937383
7.89,-0.773648,0.950433
7.9,-0.764144,0.963327
7.91,-0.75451,0.976063
7.92,-0.74475,0.988638
7.93,-0.734863,1.00105
7.94,-0.724853,1.0133
7.95,-0.71472,1.02538
7.96,-0.704466,1.03729
7.97,-0.694093,1.04903
7.98,-0.683603,1.0606
7.99,-0.672997,1.07199
8,-0.662277,1.08321
8.01,-0.651445,1.09425
8.02,-0.640502,1.10511
8.03,-0.629451,1.11578
8.04,-0.618293,1.12627
8.05,-0.607031,1.13658
8.06,-0.595665,1.14669
8.07,-0.584198,1.15662
8.08,-0.572632,1.16636
8.09,-0.560968,1.1759
8.1,-0.549209,1.18525
8.11,-0.537357,1.19441
8.12,-0.525413,1.20336
8.13,-0.513379,1.21212
8.14,-0.501258,1.22067
8.15,-0.489051,1.22903
8.16,-0.476761,1.23718
8.17,-0.464389,1.24513
8.18,-0.451938,1.25287
8.19,-0.439409,1.2604
8.2,-0.426805,1.26772
8.21,-0.414128,1.27483
8.22,-0.40138,1.28174
8.23,-0.388562,1.28843
8.24,-0.375678,1.2949
8.25,-0.362729,1.30116
8.26,-0.349717,1.30721
8.27,-0.336645,1.31304
8.28,-0.323515,1.31865
8.29,-0.310328,1.32404
8.3,-0.297088,1.32921
8.31,-0.283796,1.33416
8.32,-0.270454,1.33889
8.33,-0.257065,1.3434
8.34,-0.243631,1.34769
8.35,-0.230154,1.35175
8.36,-0.216637,1.35558
8.37,-0.203081,1.35919
8.38,-0.189489,1.36258
8.39,-0.175863,1.36574
8.4,-0.162206,1.36867
8.41,-0.148519,1.37137
8.42,-0.134806,1.37385
8.43,-0.121067,1.37609
8.44,-0.107306,1.37811
8.45,-0.0935251,1.3799
8.46,-0.0797261,1.38146
8.47,-0.0659116,1.38279
8.48,-0.0520837,1.38388
8.49,-0.0382448,1.38475
8.5,-0.0243973,1.38539
8.51,-0.0105434,1.3858
8.52,0.00331456,1.38597
8.53,0.0171743,1.38592
8.54,0.0310335,1.38563
8.55,0.0448898,1.38511
8.56,0.0587409,1.38437
8.57,0.0725846,1.38339
8.58,0.0864184,1.38218
8.59,0.10024,1.38074
8.6,0.114048,1.37907
8.61,0.127838,1.37717
8.62,0.14161,1.37503
8.63,0.15536,1.37267
8.64,0.169087,1.37009
8.65,0.182788,1.36727
8.66,0.19646,1.36422
8.67,0.210103,1.36095
8.68,0.223712,1.35744
8.69,0.237287,1.35372
8.7,0.250824,1.34976
8.71,0.264321,1.34558
8.72,0.277777,1.34118
8.73,0.291189,1.33655
8.74,0.304554,1.33169
8.75,0.317871,1.32662
8.76,0.331137,1.32132
8.77,0.344351,1.3158
8.78,0.357509,1.31006
8.79,0.370609,1.3041
8.8,0.38365,1.29793
8.81,0.39663,1.29153
8.82,0.409545,1.28492
8.83,0.422394,1.27809
8.84,0.435175,1.27106
8.85,0.447886,1.2638
8.86,0.460524,1.25634
8.87,0.473087,1.24866
8.88,0.485574,1.24078
8.89,0.497981,1.23268
8.9,0.510308,1.22438
8.91,0.522552,1.21588
8.92,0.534711,1.20717
8.93,0.546783,1.19826
8.94,0.558765,1.18915
8.95,0.570657,1.17983
8.96,0.582455,1.17032
8.97,0.594158,1.16061
8.98,0.605764,1.15071
8.99,0.617271,1.14062
9,0.628678,1.13033
9.01,0.639981,1.11985
9.02,0.651179,1.10918
9.03,0.662271,1.09833
9.04,0.673254,1.08729
9.05,0.684127,1.07607
9.06,0.694888,1.06467
9.07,0.705535,1.05309
9.08,0.716066,1.04133
9.09,0.726479,1.02939
9.1,0.736773,1.01729
9.11,0.746946,1.00501
9.12,0.756996,0.992558
9.13,0.766921,0.979941
9.14,0.776721,0.967159
9.15,0.786392,0.954214
9.16,0.795935,0.941107
9.17,0.805346,0.927842
9.18,0.814624,0.914419
9.19,0.823768,0.900842
9.2,0.832777,0.887113
9.21,0.841648,0.873233
9.22,0.85038,0.859206
9.23,0.858972,0.845033
9.24,0.867423,0.830717
9.25,0.87573,0.81626
9.26,0.883892,0.801664
9.27,0.891909,0.786933
9.28,0.899778,0.772067
9.29,0.907499,0.757071
9.3,0.91507,0.741946
9.31,0.922489,0.726695
9.32,0.929756,0.71132
9.33,0.936869,0.695824
9.34,0.943827,0.68021
9.35,0.95063,0.664479
9.36,0.957274,0.648635
9.37,0.963761,0.632681
9.38,0.970088,0.616618
9.39,0.976254,0.60045
9.4,0.982258,0.584179
9.41,0.9881,0.567808
9.42,0.993778,0.55134
9.43,0.999292,0.534777
9.44,1.00464,0.518122
9.45,1.00982,0.501378
9.46,1.01483,0.484548
9.47,1.01968,0.467634
9.48,1.02436,0.450639
9.49,1.02886,0.433567
9.5,1.0332,0.416419
9.51,1.03736,0.399199
9.52,1.04135,0.381909
9.53,1.04517,0.364554
9.54,1.04882,0.347134
9.55,1.05229,0.329654
9.56,1.05559,0.312116
9.57,1.05871,0.294522
9.58,1.06165,0.276877
9.59,1.06442,0.259183
9.6,1.06701,0.241443
9.61,1.06943,0.223659
9.62,1.07166,0.205835
9.63,1.07372,0.187974
9.64,1.0756,0.170079
9.65,1.0773,0.152152
9.66,1.07883,0.134197
9.67,1.08017,0.116217
9.68,1.08133,0.0982139
9.69,1.08231,0.0801917
9.7,1.08311,0.0621532
9.71,1.08373,0.0441013
9.72,1.08418,0.0260391
9.73,1.08444,0.00796947
9.74,1.08452,-0.0101045
9.75,1.08442,-0.0281797
9.76,1.08413,-0.0462533
9.77,1.08367,-0.0643222
9.78,1.08303,-0.0823834
9.79,1.0822,-0.100434
9.8,1.0812,-0.118471
9.81,1.08001,-0.136491
9.82,1.07865,-0.154491
9.83,1.0771,-0.172468
9.84,1.07538,-0.19042
9.85,1.07348,-0.208343
9.86,1.07139,-0.226234
9.87,1.06913,-0.244091
9.88,1.06669,-0.26191
9.89,1.06407,-0.279688
9.9,1.06127,-0.297422
9.91,1.0583,-0.31511
9.92,1.05515,-0.332749
9.93,1.05182,-0.350334
9.94,1.04832,-0.367865
9.95,1.04464,-0.385337
9.96,1.04079,-0.402747
9.97,1.03676,-0.420094
9.98,1.03256,-0.437373
9.99,1.02818,-0.454582
10,1.02364,-0.471719
10.01,1.01892,-0.488779
10.02,1.01403,-0.505761
10.03,1.00897,-0.522662
10.04,1.00375,-0.539478
10.05,0.998353,-0.556207
10.06,0.992791,-0.572846
10.07,0.987063,-0.589393
10.08,0.981169,-0.605844
10.09,0.97511,-0.622197
10.1,0.968888,-0.638449
10.11,0.962504,-0.654597
10.12,0.955958,-0.670638
10.13,0.949251,-0.686571
10.14,0.942386,-0.702392
10.15,0.935362,-0.718098
10.16,0.928181,-0.733688
10.17,0.920844,-0.749157
10.18,0.913352,-0.764505
10.19,0.905707,-0.779727
10.2,0.89791,-0.794822
10.21,0.889962,-0.809788
10.22,0.881864,-0.82462
10.23,0.873618,-0.839318
10.24,0.865225,-0.853878
10.25,0.856686,-0.868299
10.26,0.848003,-0.882577
10.27,0.839177,-0.89671
10.28,0.83021,-0.910697
10.29,0.821103,-0.924533
10.3,0.811858,-0.938218
10.31,0.802475,-0.951749
10.32,0.792958,-0.965124
10.33,0.783307,-0.97834
10.34,0.773523,-0.991395
10.35,0.763609,-1.00429
10.36,0.753566,-1.01701
10.37,0.743396,-1.02957
10.38,0.733101,-1.04196
10.39,0.722681,-1.05418
10.4,0.712139,-1.06623
10.41,0.701477,-1.0781
10.42,0.690696,-1.08979
10.43,0.679798,-1.1013
10.44,0.668785,-1.11263
10.45,0.657659,-1.12377
10.46,0.646421,-1.13474
10.47,0.635074,-1.14551
10.48,0.623619,-1.15609
10.49,0.612058,-1.16649
10.5,0.600393,-1.17669
10.51,0.588626,-1.18669
10.52,0.576759,-1.19651
10.53,0.564794,-1.20612
10.54,0.552733,-1.21553
10.55,0.540577,-1.22474
10.56,0.52833,-1.23375
10.57,0.515992,-1.24256
10.58,0.503567,-1.25116
10.59,0.491055,-1.25955
10.6,0.47846,-1.26774
10.61,0.465782,-1.27571
10.62,0.453025,-1.28347
10.63,0.440191,-1.29102
10.64,0.42728,-1.29836
10.65,0.414297,-1.30548
10.66,0.401242,-1.31239
10.67,0.388118,-1.31907
10.68,0.374927,-1.32554
10.69,0.361672,-1.33179
10.7,0.348354,-1.33782
10.71,0.334976,-1.34362
10.72,0.32154,-1.34921
10.73,0.308047,-1.35457
10.74,0.294502,-1.3597
10.75,0.280905,-1.36461
10.76,0.267259,-1.36929
10.77,0.253566,-1.37375
10.78,0.239828,-1.37797
10.79,0.226049,-1.38197
10.8,0.212229,-1.38574
10.81,0.198372,-1.38927
10.82,0.184479,-1.39258
10.83,0.170553,-1.39565
10.84,0.156597,-1.3985
10.85,0.142612,-1.40111
10.86,0.128601,-1.40348
10.87,0.114566,-1.40563
10.88,0.100509,-1.40754
10.89,0.0864341,-1.40921
10.9,0.072342,-1.41065
10.91,0.0582354,-1.41186
10.92,0.0441169,-1.41283
10.93,0.0299886,-1.41356
10.94,0.015853,-1.41406
10.95,0.00171232,-1.41433
10.96,-0.0124309,-1.41436
10.97,-0.0265745,-1.41415
10.98,-0.040716,-1.41371
10.99,-0.054853,-1.41303
11,-0.0689833,-1.41211
11.01,-0.0831045,-1.41096
11.02,-0.0972141,-1.40958
11.03,-0.11131,-1.40796
11.04,-0.125389,-1.4061
11.05,-0.13945,-1.40401
11.06,-0.153491,-1.40169
11.07,-0.167507,-1.39913
11.08,-0.181499,-1.39634
11.09,-0.195462,-1.39331
11.1,-0.209395,-1.39006
11.11,-0.223296,-1.38657
11.12,-0.237162,-1.38284
11.13,-0.25099,-1.37889
11.14,-0.264779,-1.37471
11.15,-0.278526,-1.3703
11.16,-0.292229,-1.36565
11.17,-0.305885,-1.36078
11.18,-0.319493,-1.35569
11.19,-0.33305,-1.35036
11.2,-0.346554,-1.34481
11.21,-0.360002,-1.33903
11.22,-0.373392,-1.33303
11.23,-0.386723,-1.32681
11.24,-0.399991,-1.32036
11.25,-0.413194,-1.3137
11.26,-0.426331,-1.30681
11.27,-0.439399,-1.29971
11.28,-0.452396,-1.29238
11.29,-0.46532,-1.28484
11.3,-0.478169,-1.27709
11.31,-0.49094,-1.26912
11.32,-0.503631,-1.26094
11.33,-0.51624,-1.25254
11.34,-0.528766,-1.24394
11.35,-0.541205,-1.23513
11.36,-0.553556,-1.22611
11.37,-0.565817,-1.21688
11.38,-0.577986,-1.20745
11.39,-0.59006,-1.19782
11.4,-0.602039,-1.18798
11.41,-0.613918,-1.17795
11.42,-0.625698,-1.16772
11.43,-0.637375,-1.15729
11.44,-0.648948,-1.14666
11.45,-0.660415,-1.13585
11.46,-0.671773,-1.12484
11.47,-0.683022,-1.11365
11.48,-0.694158,-1.10226
11.49,-0.705181,-1.09069
11.5,-0.716087,-1.07894
11.51,-0.726877,-1.067
11.52,-0.737547,-1.05489
11.53,-0.748096,-1.0426
11.54,-0.758522,-1.03013
11.55,-0.768823,-1.01749
11.56,-0.778998,-1.00467
11.57,-0.789045,-0.99169
11.58,-0.798962,-0.978539
11.59,-0.808747,-0.965223
11.6,-0.818399,-0.951744
11.61,-0.827917,-0.938104
11.62,-0.837298,-0.924306
11.63,-0.846541,-0.910351
11.64,-0.855644,-0.896242
11.65,-0.864607,-0.881981
11.66,-0.873427,-0.867571
11.67,-0.882102,-0.853014
11.68,-0.890632,-0.838312
11.69,-0.899015,-0.823468
11.7,-0.90725,-0.808485
11.71,-0.915335,-0.793364
11.72,-0.923269,-0.778108
11.73,-0.93105,-0.76272
11.74,-0.938677,-0.747203
11.75,-0.946149,-0.731558
11.76,-0.953465,-0.715789
11.77,-0.960622,-0.699898
11.78,-0.967621,-0.683888
11.79,-0.97446,-0.667761
11.8,-0.981138,-0.65152
11.81,-0.987653,-0.635167
11.82,-0.994005,-0.618706
11.83,-1.00019,-0.60214
11.84,-1.00621,-0.58547
11.85,-1.01207,-0.5687
11.86,-1.01775,-0.551832
11.87,-1.02327,-0.534869
11.88,-1.02862,-0.517815
11.89,-1.0338,-0.500671
11.9,-1.03881,-0.483441
11.91,-1.04364,-0.466128
11.92,-1.0483,-0.448733
11.93,-1.05279,-0.431262
11.94,-1.0571,-0.413715
11.95,-1.06124,-0.396097
11.96,-1.0652,-0.37841
11.97,-1.06898,-0.360656
11.98,-1.07259,-0.34284
11.99,-1.07602,-0.324963
12,-1.07927,-0.30703
12.01,-1.08234,-0.289042
12.02,-1.08523,-0.271003
12.03,-1.08794,-0.252916
12.04,-1.09047,-0.234783
12.05,-1.09282,-0.216609
12.06,-1.09498,-0.198395
12.07,-1.09697,-0.180146
12.08,-1.09877,-0.161863
12.09,-1.10039,-0.14355
12.1,-1.10182,-0.12521
12.11,-1.10307,-0.106846
12.12,-1.10414,-0.0884619
12.13,-1.10503,-0.0700595
12.14,-1.10573,-0.0516423
12.15,-1.10624,-0.0332135
12.16,-1.10658,-0.0147761
12.17,-1.10672,0.00366682
12.18,-1.10669,0.0221122
12.19,-1.10647,0.040557
12.2,-1.10606,0.0589982
12.21,-1.10547,0.0774325
12.22,-1.1047,0.095857
12.23,-1.10374,0.114269
12.24,-1.1026,0.132664
12.25,-1.10127,0.151041
12.26,-1.09976,0.169395
12.27,-1.09806,0.187725
12.28,-1.09619,0.206026
12.29,-1.09413,0.224296
12.3,-1.09188,0.242531
12.31,-1.08946,0.260729
12.32,-1.08685,0.278887
12.33,-1.08406,0.297001
12.34,-1.08109,0.315069
12.35,-1.07794,0.333087
12.36,-1.07461,0.351053
12.37,-1.0711,0.368963
12.38,-1.06741,0.386814
12.39,-1.06354,0.404605
12.4,-1.0595,0.42233
12.41,-1.05527,0.439989
12.42,-1.05087,0.457576
12.43,-1.0463,0.475091
12.44,-1.04155,0.492529
12.45,-1.03662,0.509888
12.46,-1.03152,0.527166
12.47,-1.02625,0.544358
12.48,-1.02081,0.561462
12.49,-1.01519,0.578475
12.5,-1.00941,0.595395
12.51,-1.00345,0.612219
12.52,-0.997332,0.628943
12.53,-0.991043,0.645565
12.54,-0.984587,0.662082
12.55,-0.977966,0.678492
12.56,-0.971181,0.694792
12.57,-0.964233,0.710978
12.58,-0.957124,0.727049
12.59,-0.949853,0.743001
12.6,-0.942423,0.758831
12.61,-0.934835,0.774539
12.62,-0.927089,0.790119
12.63,-0.919188,0.805571
12.64,-0.911133,0.82089
12.65,-0.902924,0.836076
12.66,-0.894563,0.851125
12.67,-0.886052,0.866034
12.68,-0.877391,0.880802
12.69,-0.868583,0.895425
12.7,-0.859629,0.909901
12.71,-0.85053,0.924228
12.72,-0.841288,0.938404
12.73,-0.831904,0.952425
12.74,-0.822379,0.96629
12.75,-0.812717,0.979997
12.76,-0.802917,0.993542
12.77,-0.792981,1.00692
12.78,-0.782912,1.02014
12.79,-0.772711,1.03319
12.8,-0.762379,1.04607
12.81,-0.751918,1.05877
12.82,-0.74133,1.07131
12.83,-0.730617,1.08366
12.84,-0.719781,1.09584
12.85,-0.708822,1.10783
12.86,-0.697744,1.11965
12.87,-0.686547,1.13128
12.88,-0.675235,1.14272
12.89,-0.663807,1.15397
12.9,-0.652268,1.16504
12.91,-0.640617,1.17591
12.92,-0.628858,1.18658
12.93,-0.616992,1.19707
12.94,-0.605022,1.20735
12.95,-0.592948,1.21743
12.96,-0.580774,1.22732
12.97,-0.568501,1.23699
12.98,-0.556131,1.24647
12.99,-0.543666,1.25574
13,-0.531109,1.2648
13.01,-0.518461,1.27365
13.02,-0.505724,1.28229
13.03,-0.492901,1.29072
13.04,-0.479994,1.29894
13.05,-0.467005,1.30694
13.06,-0.453935,1.31472
13.07,-0.440788,1.32229
13.08,-0.427565,1.32963
13.09,-0.414269,1.33676
13.1,-0.400901,1.34366
13.11,-0.387465,1.35034
13.12,-0.373961,1.3568
13.13,-0.360393,1.36303
13.14,-0.346763,1.36904
13.15,-0.333073,1.37482
13.16,-0.319324,1.38037
13.17,-0.305521,1.38569
13.18,-0.291664,1.39079
13.19,-0.277756,1.39565
13.2,-0.263799,1.40028
13.21,-0.249797,1.40467
13.22,-0.23575,1.40884
13.23,-0.221661,1.41277
13.24,-0.207534,1.41646
13.25,-0.193369,1.41992
13.26,-0.17917,1.42314
13.27,-0.164939,1.42613
13.28,-0.150677,1.42888
13.29,-0.136389,1.43139
13.3,-0.122075,1.43366
13.31,-0.107738,1.4357
13.32,-0.0933812,1.43749
13.33,-0.0790063,1.43905
13.34,-0.0646158,1.44036
13.35,-0.0502121,1.44144
13.36,-0.0357977,1.44228
13.37,-0.0213749,1.44287
13.38,-0.0069462,1.44323
13.39,0.00748611,1.44335
13.4,0.0219196,1.44322
13.41,0.0363518,1.44286
13.42,0.0507804,1.44225
13.43,0.0652029,1.4414
13.44,0.0796169,1.44032
13.45,0.0940201,1.43899
13.46,0.10841,1.43742
13.47,0.122784,1.43562
13.48,0.13714,1.43357
13.49,0.151476,1.43128
13.5,0.165789,1.42876
13.51,0.180077,1.426
13.52,0.194337,1.423
13.53,0.208566,1.41976
13.54,0.222764,1.41628
13.55,0.236927,1.41257
13.56,0.251053,1.40862
13.57,0.265139,1.40443
13.58,0.279183,1.40002
13.59,0.293183,1.39536
13.6,0.307137,1.39048
13.61,0.321042,1.38536
13.62,0.334895,1.38001
13.63,0.348695,1.37443
13.64,0.36244,1.36861
13.65,0.376126,1.36257
13.66,0.389751,1.3563
13.67,0.403314,1.34981
13.68,0.416813,1.34309
13.69,0.430243,1.33614
13.7,0.443605,1.32897
13.71,0.456894,1.32158
13.72,0.47011,1.31396
13.73,0.48325,1.30613
13.74,0.496311,1.29807
13.75,0.509292,1.2898
13.76,0.52219,1.28131
13.77,0.535003,1.27261
13.78,0.547729,1.26369
13.79,0.560366,1.25456
13.8,0.572912,1.24522
13.81,0.585364,1.23567
13.82,0.59772,1.22592
13.83,0.60998,1.21596
13.84,0.622139,1.20579
13.85,0.634197,1.19542
13.86,0.646151,1.18485
13.87,0.658,1.17408
13.88,0.669741,1.16312
13.89,0.681372,1.15195
13.9,0.692891,1.1406
13.91,0.704297,1.12905
13.92,0.715588,1.11731
13.93,0.726761,1.10538
13.94,0.737815,1.09327
13.95,0.748747,1.08097
13.96,0.759557,1.0685
13.97,0.770242,1.05584
13.98,0.780801,1.043
13.99,0.791231,1.02999
14,0.80153,1.0168
14.01,0.811698,1.00344
14.02,0.821733,0.989911
14.03,0.831632,0.976215
14.04,0.841394,0.962355
14.05,0.851018,0.948332
14.06,0.860501,0.934148
14.07,0.869842,0.919806
14.08,0.87904,0.905309
14.09,0.888093,0.890658
14.1,0.897,0.875857
14.11,0.905759,0.860907
14.12,0.914368,0.845811
14.13,0.922826,0.830571
14.14,0.931132,0.815191
14.15,0.939283,0.799672
14.16,0.94728,0.784017
14.17,0.95512,0.768229
14.18,0.962803,0.75231
14.19,0.970326,0.736264
14.2,0.977688,0.720092
14.21,0.984889,0.703797
14.22,0.991927,0.687382
14.23,0.998801,0.67085
14.24,1.00551,0.654203
14.25,1.01205,0.637445
14.26,1.01843,0.620577
14.27,1.02463,0.603603
14.28,1.03067,0.586526
14.29,1.03653,0.569348
14.3,1.04223,0.552073
14.31,1.04775,0.534702
14.32,1.05309,0.51724
14.33,1.05827,0.499688
14.34,1.06326,0.482051
14.35,1.06808,0.46433
14.36,1.07273,0.446528
14.37,1.07719,0.428649
14.38,1.08148,0.410696
14.39,1.08559,0.392672
14.4,1.08951,0.374578
14.41,1.09326,0.35642
14.42,1.09682,0.338199
14.43,1.1002,0.319919
14.44,1.1034,0.301582
14.45,1.10642,0.283192
14.46,1.10925,0.264751
14.47,1.1119,0.246264
14.48,1.11436,0.227732
14.49,1.11664,0.20916
14.5,1.11873,0.190549
14.51,1.12064,0.171903
14.52,1.12236,0.153226
14.53,1.12389,0.13452
14.54,1.12523,0.115789
14.55,1.12639,0.0970348
14.56,1.12736,0.0782616
14.57,1.12814,0.0594723
14.58,1.12874,0.0406699
14.59,1.12915,0.0218576
14.6,1.12936,0.00303849
14.61,1.12939,-0.0157842
14.62,1.12924,-0.0346075
14.63,1.12889,-0.0534281
14.64,1.12836,-0.0722429
14.65,1.12763,-0.0910488
14.66,1.12672,-0.109843
14.67,1.12562,-0.128621
14.68,1.12434,-0.147382
14.69,1.12286,-0.166121
14.7,1.1212,-0.184835
14.71,1.11935,-0.203522
14.72,1.11732,-0.222178
14.73,1.1151,-0.2408
14.74,1.11269,-0.259385
14.75,1.1101,-0.27793
14.76,1.10732,-0.296431
14.77,1.10435,-0.314887
14.78,1.1012,-0.333292
14.79,1.09787,-0.351646
14.8,1.09435,-0.369944
14.81,1.09065,-0.388183
14.82,1.08677,-0.40636
14.83,1.08271,-0.424473
14.84,1.07846,-0.442519
14.85,1.07404,-0.460493
14.86,1.06943,-0.478394
14.87,1.06465,-0.496217
14.88,1.05969,-0.513962
14.89,1.05455,-0.531623
14.9,1.04923,-0.549199
14.91,1.04374,-0.566686
14.92,1.03807,-0.584082
14.93,1.03223,-0.601383
14.94,1.02622,-0.618587
14.95,1.02003,-0.635691
14.96,1.01368,-0.652691
14.97,1.00715,-0.669586
14.98,1.00045,-0.686372
14.99,0.99359,-0.703046
15,0.986559,-0.719606
15.01,0.979363,-0.736048
15.02,0.972003,-0.752371
15.03,0.964479,-0.768571
15.04,0.956793,-0.784646
15.05,0.948947,-0.800592
15.06,0.940941,-0.816408
15.07,0.932777,-0.83209
15.08,0.924456,-0.847637
15.09,0.91598,-0.863044
15.1,0.907349,-0.878311
15.11,0.898566,-0.893433
15.12,0.889632,-0.908409
15.13,0.880548,-0.923236
15.14,0.871315,-0.937912
15.15,0.861936,-0.952434
15.16,0.852412,-0.9668
15.17,0.842744,-0.981007
15.18,0.832934,-0.995052
15.19,0.822983,-1.00893
15.2,0.812894,-1.02265
15.21,0.802667,-1.0362
15.22,0.792305,-1.04958
15.23,0.78181,-1.06278
15.24,0.771182,-1.07581
15.25,0.760424,-1.08867
15.26,0.749537,-1.10134
15.27,0.738524,-1.11383
15.28,0.727385,-1.12614
15.29,0.716124,-1.13826
15.3,0.704741,-1.1502
15.31,0.693239,-1.16194
15.32,0.68162,-1.1735
15.33,0.669885,-1.18486
15.34,0.658036,-1.19602
15.35,0.646076,-1.20699
15.36,0.634006,-1.21776
15.37,0.621829,-1.22833
15.38,0.609545,-1.23869
15.39,0.597158,-1.24885
15.4,0.58467,-1.2588
15.41,0.572082,-1.26855
15.42,0.559397,-1.27808
15.43,0.546616,-1.2874
15.44,0.533742,-1.29651
15.45,0.520777,-1.30541
15.46,0.507722,-1.31409
15.47,0.494582,-1.32255
15.48,0.481356,-1.33079
15.49,0.468048,-1.33882
15.5,0.45466,-1.34662
15.51,0.441194,-1.35419
15.52,0.427652,-1.36155
15.53,0.414036,-1.36868
15.54,0.40035,-1.37558
15.55,0.386594,-1.38225
15.56,0.372771,-1.38869
15.57,0.358884,-1.3949
15.58,0.344935,-1.40089
15.59,0.330927,-1.40664
15.6,0.31686,-1.41215
15.61,0.302739,-1.41743
15.62,0.288564,-1.42248
15.63,0.27434,-1.42729
15.64,0.260067,-1.43186
15.65,0.245748,-1.43619
15.66,0.231386,-1.44029
15.67,0.216983,-1.44415
15.68,0.202542,-1.44776
15.69,0.188064,-1.45114
15.7,0.173553,-1.45427
15.71,0.15901,-1.45716
15.72,0.144438,-1.45981
15.73,0.12984,-1.46222
15.74,0.115218,-1.46439
15.75,0.100574,-1.46631
15.76,0.0859112,-1.46798
15.77,0.0712313,-1.46941
15.78,0.0565372,-1.4706
15.79,0.0418312,-1.47154
15.8,0.0271157,-1.47224
15.81,0.0123933,-1.47269
15.82,-0.00233361,-1.4729
15.83,-0.0170626,-1.47286
15.84,-0.0317912,-1.47258
15.85,-0.046517,-1.47205
15.86,-0.0612374,-1.47127
15.87,-0.0759502,-1.47025
15.88,-0.0906527,-1.46898
15.89,-0.105343,-1.46747
15.9,-0.120017,-1.46572
15.91,-0.134674,-1.46372
15.92,-0.149312,-1.46147
15.93,-0.163926,-1.45898
15.94,-0.178516,-1.45625
15.95,-0.193079,-1.45328
15.96,-0.207612,-1.45006
15.97,-0.222112,-1.4466
15.98,-0.236578,-1.4429
15.99,-0.251007,-1.43895
16,-0.265397,-1.43477
16.01,-0.279744,-1.43035
16.02,-0.294048,-1.42569
16.03,-0.308305,-1.42078
16.04,-0.322513,-1.41565
16.05,-0.336669,-1.41027
16.06,-0.350772,-1.40466
16.07,-0.364818,-1.39881
16.08,-0.378806,-1.39273
16.09,-0.392734,-1.38642
16.1,-0.406598,-1.37987
16.11,-0.420397,-1.3731
16.12,-0.434128,-1.36609
16.13,-0.447789,-1.35886
16.14,-0.461377,-1.35139
16.15,-0.474891,-1.3437
16.16,-0.488328,-1.33579
16.17,-0.501686,-1.32765
16.18,-0.514962,-1.31929
16.19,-0.528155,-1.31071
16.2,-0.541262,-1.3019
16.21,-0.554281,-1.29288
16.22,-0.56721,-1.28364
16.23,-0.580047,-1.27419
16.24,-0.592789,-1.26452
16.25,-0.605434,-1.25464
16.26,-0.61798,-1.24455
16.27,-0.630426,-1.23425
16.28,-0.642768,-1.22375
16.29,-0.655006,-1.21303
16.3,-0.667136,-1.20212
16.31,-0.679157,-1.191
16.32,-0.691067,-1.17968
16.33,-0.702864,-1.16816
16.34,-0.714546,-1.15645
16.35,-0.72611,-1.14454
16.36,-0.737555,-1.13243
16.37,-0.74888,-1.12014
16.38,-0.760081,-1.10766
16.39,-0.771158,-1.09499
16.4,-0.782108,-1.08214
16.41,-0.792929,-1.0691
16.42,-0.80362,-1.05589
16.43,-0.814179,-1.0425
16.44,-0.824604,-1.02893
16.45,-0.834893,-1.01518
16.46,-0.845045,-1.00127
16.47,-0.855058,-0.987184
16.48,-0.86493,-0.972933
16.49,-0.874659,-0.958517
16.5,-0.884244,-0.943939
16.51,-0.893683,-0.929202
16.52,-0.902975,-0.914307
16.53,-0.912119,-0.899258
16.54,-0.921111,-0.884056
16.55,-0.929952,-0.868704
16.56,-0.938639,-0.853205
16.57,-0.947171,-0.837561
16.58,-0.955546,-0.821775
16.59,-0.963764,-0.805849
16.6,-0.971823,-0.789786
16.61,-0.97972,-0.773589
16.62,-0.987456,-0.75726
16.63,-0.995029,-0.740803
16.64,-1.00244,-0.724219
16.65,-1.00968,-0.707512
16.66,-1.01675,-0.690684
16.67,-1.02366,-0.673738
16.68,-1.0304,-0.656677
16.69,-1.03697,-0.639503
16.7,-1.04336,-0.622221
16.71,-1.04958,-0.604831
16.72,-1.05563,-0.587338
16.73,-1.0615,-0.569744
16.74,-1.0672,-0.552053
16.75,-1.07272,-0.534266
16.76,-1.07806,-0.516387
16.77,-1.08323,-0.49842
16.78,-1.08821,-0.480366
16.79,-1.09302,-0.462229
16.8,-1.09764,-0.444012
16.81,-1.10208,-0.425718
16.82,-1.10634,-0.40735
16.83,-1.11041,-0.388911
16.84,-1.1143,-0.370404
16.85,-1.118,-0.351833
16.86,-1.12152,-0.333199
16.87,-1.12485,-0.314507
16.88,-1.128,-0.29576
16.89,-1.13096,-0.27696
16.9,-1.13373,-0.25811
16.91,-1.13631,-0.239215
16.92,-1.1387,-0.220277
16.93,-1.1409,-0.201298
16.94,-1.14291,-0.182283
16.95,-1.14474,-0.163235
16.96,-1.14637,-0.144156
16.97,-1.14781,-0.125049
16.98,-1.14906,-0.105919
16.99,-1.15012,-0.0867683
17,-1.15099,-0.0675996
17.01,-1.15166,-0.0484165
17.02,-1.15215,-0.0292221
17.03,-1.15244,-0.0100196
17.04,-1.15254,0.00918777
17.05,-1.15245,0.0283968
17.06,-1.15217,0.0476043
17.07,-1.15169,0.066807
17.08,-1.15102,0.0860018
17.09,-1.15016,0.105186
17.1,-1.14911,0.124355
17.11,-1.14787,0.143507
17.12,-1.14643,0.162638
17.13,-1.1448,0.181745
17.14,-1.14299,0.200825
17.15,-1.14098,0.219875
17.16,-1.13878,0.238891
17.17,-1.13639,0.257871
17.18,-1.13381,0.276811
17.19,-1.13104,0.295708
17.2,-1.12809,0.314558
17.21,-1.12494,0.33336
17.22,-1.12161,0.352109
17.23,-1.11809,0.370802
17.24,-1.11438,0.389437
17.25,-1.11048,0.40801
17.26,-1.1064,0.426518
17.27,-1.10214,0.444958
17.28,-1.09769,0.463327
17.29,-1.09306,0.481622
17.3,-1.08824,0.499839
17.31,-1.08324,0.517977
17.32,-1.07806,0.536031
17.33,-1.0727,0.553999
17.34,-1.06716,0.571877
17.35,-1.06144,0.589663
17.36,-1.05555,0.607354
17.37,-1.04947,0.624946
17.38,-1.04322,0.642437
17.39,-1.0368,0.659824
17.4,-1.0302,0.677104
17.41,-1.02343,0.694274
17.42,-1.01649,0.711331
17.43,-1.00937,0.728273
17.44,-1.00209,0.745096
17.45,-0.99464,0.761797
17.46,-0.987022,0.778375
17.47,-0.979238,0.794825
17.48,-0.97129,0.811146
17.49,-0.963178,0.827334
17.5,-0.954905,0.843387
17.51,-0.946471,0.859302
17.52,-0.937878,0.875076
17.53,-0.929127,0.890708
17.54,-0.92022,0.906193
17.55,-0.911158,0.92153
17.56,-0.901943,0.936716
17.57,-0.892576,0.951748
17.58,-0.883058,0.966625
17.59,-0.873392,0.981342
17.6,-0.863579,0.995899
17.61,-0.85362,1.01029
17.62,-0.843517,1.02452
17.63,-0.833272,1.03858
17.64,-0.822886,1.05247
17.65,-0.812361,1.06618
17.66,-0.801699,1.07972
17.67,-0.790902,1.09308
17.68,-0.779971,1.10626
17.69,-0.768909,1.11926
17.7,-0.757716,1.13208
17.71,-0.746395,1.14471
17.72,-0.734948,1.15715
17.73,-0.723377,1.1694
17.74,-0.711683,1.18145
17.75,-0.699868,1.19331
17.76,-0.687935,1.20498
17.77,-0.675885,1.21644
17.78,-0.663721,1.22771
17.79,-0.651444,1.23877
17.8,-0.639056,1.24963
17.81,-0.62656,1.26028
17.82,-0.613957,1.27072
17.83,-0.60125,1.28095
17.84,-0.58844,1.29097
17.85,-0.575531,1.30078
17.86,-0.562523,1.31037
17.87,-0.549419,1.31975
17.88,-0.536222,1.32891
17.89,-0.522933,1.33784
17.9,-0.509554,1.34656
17.91,-0.496089,1.35505
17.92,-0.482538,1.36332
17.93,-0.468905,1.37136
17.94,-0.455191,1.37918
17.95,-0.441399,1.38676
17.96,-0.427532,1.39412
17.97,-0.413591,1.40125
17.98,-0.399578,1.40814
17.99,-0.385497,1.4148
18,-0.371349,1.42122
18.01,-0.357137,1.42741
18.02,-0.342862,1.43336
18.03,-0.328529,1.43908
18.04,-0.314138,1.44455
18.05,-0.299692,1.44979
18.06,-0.285195,1.45478
18.07,-0.270647,1.45954
18.08,-0.256051,1.46405
18.09,-0.241411,1.46832
18.1,-0.226728,1.47234
18.11,-0.212004,1.47612
18.12,-0.197243,1.47965
18.13,-0.182447,1.48294
18.14,-0.167617,1.48598
18.15,-0.152757,1.48877
18.16,-0.13787,1.49132
18.17,-0.122956,1.49362
18.18,-0.10802,1.49567
18.19,-0.0930636,1.49747
18.2,-0.0780889,1.49902
18.21,-0.0630987,1.50032
18.22,-0.0480955,1.50137
18.23,-0.0330818,1.50217
18.24,-0.0180601,1.50272
18.25,-0.00303286,1.50303
18.26,0.0119974,1.50308
18.27,0.0270282,1.50288
18.28,0.0420569,1.50243
18.29,0.0570812,1.50172
18.3,0.0720984,1.50077
18.31,0.0871062,1.49957
18.32,0.102102,1.49812
18.33,0.117083,1.49642
18.34,0.132047,1.49447
18.35,0.146992,1.49227
18.36,0.161915,1.48982
18.37,0.176813,1.48712
18.38,0.191684,1.48417
18.39,0.206526,1.48098
18.4,0.221335,1.47753
18.41,0.236111,1.47384
18.42,0.250849,1.46991
18.43,0.265548,1.46573
18.44,0.280206,1.4613
18.45,0.294819,1.45663
18.46,0.309385,1.45172
18.47,0.323902,1.44656
18.48,0.338368,1.44116
18.49,0.352779,1.43553
18.5,0.367135,1.42965
18.51,0.381431,1.42353
18.52,0.395666,1.41717
18.53,0.409838,1.41057
18.54,0.423944,1.40374
18.55,0.437981,1.39668
18.56,0.451948,1.38938
18.57,0.465842,1.38185
18.58,0.47966,1.37408
18.59,0.493401,1.36609
18.6,0.507062,1.35786
18.61,0.520641,1.34941
18.62,0.534135,1.34074
18.63,0.547542,1.33183
18.64,0.56086,1.32271
18.65,0.574088,1.31336
18.66,0.587221,1.30379
18.67,0.600259,1.29401
18.68,0.613199,1.284
18.69,0.626039,1.27378
18.7,0.638777,1.26335
18.71,0.65141,1.2527
18.72,0.663937,1.24184
18.73,0.676356,1.23078
18.74,0.688664,1.21951
18.75,0.700859,1.20803
18.76,0.712939,1.19635
18.77,0.724903,1.18446
18.78,0.736747,1.17238
18.79,0.748471,1.1601
18.8,0.760072,1.14763
18.81,0.771548,1.13496
18.82,0.782898,1.1221
18.83,0.794119,1.10905
18.84,0.80521,1.09582
18.85,0.816168,1.0824
18.86,0.826992,1.0688
18.87,0.83768,1.05501
18.88,0.84823,1.04105
18.89,0.85864,1.02691
18.9,0.868909,1.0126
18.91,0.879035,0.998122
18.92,0.889017,0.983471
18.93,0.898851,0.968654
18.94,0.908538,0.953673
18.95,0.918075,0.938531
18.96,0.92746,0.92323
18.97,0.936692,0.907772
18.98,0.94577,0.892161
18.99,0.954692,0.876398
19,0.963456,0.860486
19.01,0.97206,0.844429
19.02,0.980505,0.828228
19.03,0.988787,0.811886
19.04,0.996906,0.795406
19.05,1.00486,0.778791
19.06,1.01265,0.762043
19.07,1.02027,0.745166
19.08,1.02772,0.728162
19.09,1.035,0.711033
19.1,1.04211,0.693783
19.11,1.04905,0.676414
19.12,1.05581,0.65893
19.13,1.0624,0.641333
19.14,1.06882,0.623626
19.15,1.07505,0.605813
19.16,1.08111,0.587895
19.17,1.08699,0.569877
19.18,1.09269,0.55176
19.19,1.09821,0.533549
19.2,1.10354,0.515245
19.21,1.10869,0.496853
19.22,1.11366,0.478375
19.23,1.11845,0.459814
19.24,1.12304,0.441173
19.25,1.12746,0.422456
19.26,1.13168,0.403665
19.27,1.13572,0.384803
19.28,1.13957,0.365875
19.29,1.14322,0.346882
19.3,1.14669,0.327828
19.31,1.14997,0.308717
19.32,1.15306,0.28955
19.33,1.15595,0.270333
19.34,1.15866,0.251067
19.35,1.16117,0.231756
19.36,1.16349,0.212403
19.37,1.16561,0.193012
19.38,1.16754,0.173585
19.39,1.16928,0.154126
19.4,1.17082,0.134638
19.41,1.17216,0.115124
19.42,1.17331,0.0955883
19.43,1.17427,0.076033
19.44,1.17503,0.0564619
19.45,1.1756,0.036878
19.46,1.17596,0.0172848
19.47,1.17614,-0.00231463
19.48,1.17611,-0.0219169
19.49,1.17589,-0.0415188
19.5,1.17548,-0.0611171
19.51,1.17487,-0.0807084
19.52,1.17406,-0.10029
19.53,1.17306,-0.119857
19.54,1.17186,-0.139408
19.55,1.17047,-0.158939
19.56,1.16888,-0.178447
19.57,1.16709,-0.197928
19.58,1.16511,-0.21738
19.59,1.16294,-0.236798
19.6,1.16057,-0.256181
19.61,1.15801,-0.275523
19.62,1.15525,-0.294824
19.63,1.15231,-0.314078
19.64,1.14916,-0.333283
19.65,1.14583,-0.352436
19.66,1.14231,-0.371533
19.67,1.13859,-0.390571
19.68,1.13469,-0.409548
19.69,1.13059,-0.428459
19.7,1.12631,-0.447302
19.71,1.12183,-0.466074
19.72,1.11717,-0.484771
19.73,1.11232,-0.503391
19.74,1.10729,-0.52193
19.75,1.10207,-0.540385
19.76,1.09667,-0.558752
19.77,1.09108,-0.57703
19.78,1.08531,-0.595215
19.79,1.07936,-0.613303
19.8,1.07322,-0.631293
19.81,1.06691,-0.64918
19.82,1.06042,-0.666962
19.83,1.05375,-0.684635
19.84,1.0469,-0.702198
19.85,1.03988,-0.719646
19.86,1.03269,-0.736978
19.87,1.02532,-0.754189
19.88,1.01777,-0.771278
19.89,1.01006,-0.788241
19.9,1.00218,-0.805075
19.91,0.994128,-0.821778
19.92,0.98591,-0.838347
19.93,0.977527,-0.854779
19.94,0.968979,-0.871071
19.95,0.960268,-0.88722
19.96,0.951396,-0.903225
19.97,0.942364,-0.919081
19.98,0.933173,-0.934787
19.99,0.923825,-0.95034
20,0.914322,-0.965737
